Graph Name,# Vertices,# Edges,Density,Avg Degree,Max Degree,Min Degree,# Isolated,Max Clique,Seq Time,2,4,6,8,10
brock200-2,200,9876,0.49628140703517587,98.76,114,78,0,"{'135', '120', '145', '48', '105', '55', '121', '183', '149', '70', '158', '27'}",0.3201691000000001,1.3740621,1.5347929000000002,2.5935715000000004,3.5441290999999993,4.597868
brock200-1,200,14834,0.7454271356783919,148.34,165,130,0,"{'32', '104', '137', '41', '132', '138', '199', '103', '48', '46', '107', '83', '4', '180', '100', '175', '26', '191', '120', '144', '122'}",54.319118,63.126849500000006,40.5311978,27.861982100000006,26.986063899999976,25.150847
brock200-3,200,12048,0.605427135678392,120.48,134,99,0,"{'104', '144', '173', '158', '29', '36', '12', '98', '58', '38', '84', '118', '97', '178', '130'}",2.0163266,3.4365693999999998,3.3472662999999994,3.1333050999999994,3.6999098000000004,4.710821899999999
brock200-4,200,13089,0.6577386934673367,130.89,147,112,0,"{'29', '186', '12', '161', '54', '165', '38', '28', '79', '117', '93', '139', '127', '65', '19', '192', '71'}",7.7616054000000005,11.1448998,6.582412300000001,6.6014537,5.659381400000001,7.155904399999997
p_hat300-1,300,10933,0.243768115942029,72.88666666666667,132,23,0,"{'271', '205', '220', '20', '300', '54', '124', '48'}",0.10965659999999999,0.7708271000000001,1.5582316999999999,2.4550699,3.688540700000001,4.680241599999999
p_hat300-2,300,21928,0.4889186176142698,146.18666666666667,229,59,0,"{'38', '89', '75', '296', '20', '259', '5', '281', '54', '104', '56', '119', '297', '170', '126', '205', '76', '255', '262', '139', '274', '174', '237', '21', '179'}",1.2395127000000001,3.1520615999999997,3.1573354,3.1096406000000005,3.5262062000000007,4.938367000000001
p_hat300-3,300,33390,0.7444816053511706,222.6,267,168,0,"{'298', '76', '299', '205', '239', '176', '4', '255', '235', '21', '273', '48', '166', '247', '49', '33', '245', '89', '98', '190', '56', '290', '20', '18', '252', '199', '174', '226', '28', '139', '40', '293', '219', '149', '221', '138'}",200.1390984,215.0070412,108.0919958,82.46764300000007,76.88811759999999,92.5517499
